<?xml version="1.0" encoding="UTF-8"?>
<beans xmlns="http://www.springframework.org/schema/beans"
	   xmlns:context="http://www.springframework.org/schema/context"
	   xmlns:xsi="http://www.w3.org/2001/XMLSchema-instance"
	   xmlns:tx="http://www.springframework.org/schema/tx"
	   xmlns:mvc="http://www.springframework.org/schema/mvc"
	   xsi:schemaLocation="http://www.springframework.org/schema/beans http://www.springframework.org/schema/beans/spring-beans-3.0.xsd
						http://www.springframework.org/schema/context http://www.springframework.org/schema/context/spring-context-3.0.xsd
						http://www.springframework.org/schema/tx http://www.springframework.org/schema/tx/spring-tx.xsd
						http://www.springframework.org/schema/mvc https://www.springframework.org/schema/mvc/spring-mvc.xsd">

    <!-- Add support for component scanning -->
    <context:component-scan base-package="com.java" annotation-config="true"/>

    <!-- Add support for conversion, formatting and validation support -->
    <mvc:annotation-driven/>

    <!-- Define Spring MVC view resolver -->
    <bean id="view" class="org.springframework.web.servlet.view.InternalResourceViewResolver">
        <property name="prefix" value="/WEB-INF/views/"/>
        <property name="suffix" value=".jsp"/>
    </bean>

    <!-- Add support for reading web resources: css, images, js, etc ... -->
    <mvc:resources location="/WEB-INF/resources/" mapping="/resources/**"/>

    <!-- Step 1: Define Database DataSource / connection pool -->
    <bean id="dataSource" class="org.springframework.jdbc.datasource.DriverManagerDataSource">
        <property name="driverClassName" value="com.microsoft.sqlserver.jdbc.SQLServerDriver"/>
        <property name="url"
                  value="jdbc:sqlserver://localhost;database=ATJB2;Encrypt=True;TrustServerCertificate=True;"/>
        <property name="username" value="sa"/>
        <property name="password" value="1234"/>
    </bean>
	

    <!-- Step 2: Setup Hibernate session factory -->
    <bean id="sessionFactory" class="org.springframework.orm.hibernate5.LocalSessionFactoryBean">
        <property name="dataSource" ref="dataSource"/>

        <property name="packagesToScan" value="com.java.model"/>
        <property name="hibernateProperties">
            <props>
                <prop key="hibernate.dialect">org.hibernate.dialect.SQLServer2008Dialect</prop>
                <prop key="hibernate.hbm2ddl.auto">update</prop>
                <prop key="hibernate.format_sql">true</prop>
                <prop key="hibernate.show_sql">true</prop>
            </props>
        </property>
    </bean>


    <!-- Step 3: Setup Hibernate transaction manager -->
    <bean id="transactionManager" class="org.springframework.orm.hibernate5.HibernateTransactionManager">
        <property name="sessionFactory" ref="sessionFactory"/>
    </bean>
    <bean class="org.springframework.web.servlet.mvc.method.annotation.RequestMappingHandlerAdapter">
        <property name="customArgumentResolvers">
            <list>
                <bean class="org.springframework.data.web.PageableHandlerMethodArgumentResolver">
                </bean>
            </list>
        </property>
    </bean>

    <!-- Step 4: Enable configuration of transactional behavior based on annotations -->
 <tx:annotation-driven proxy-target-class="true" transaction-manager="transactionManager"/> 
  

</beans>